,mean_fit_time,std_fit_time,mean_score_time,std_score_time,param_TI,param_nrealization,params,split0_test_brier,split1_test_brier,split2_test_brier,split3_test_brier,split4_test_brier,mean_test_brier,std_test_brier,rank_test_brier,split0_test_zero_one,split1_test_zero_one,split2_test_zero_one,split3_test_zero_one,split4_test_zero_one,mean_test_zero_one,std_test_zero_one,rank_test_zero_one,split0_test_linear,split1_test_linear,split2_test_linear,split3_test_linear,split4_test_linear,mean_test_linear,std_test_linear,rank_test_linear,split0_test_skill_brier,split1_test_skill_brier,split2_test_skill_brier,split3_test_skill_brier,split4_test_skill_brier,mean_test_skill_brier,std_test_skill_brier,rank_test_skill_brier,split0_test_skill_zero_one,split1_test_skill_zero_one,split2_test_skill_zero_one,split3_test_skill_zero_one,split4_test_skill_zero_one,mean_test_skill_zero_one,std_test_skill_zero_one,rank_test_skill_zero_one
0,0.00717010498046875,0.008702470488055468,0.2725051403045654,0.014803744439644308,data/A.gslib,1,"{'TI': <geone.img.Img object at 0x7fcec3bde908>, 'nrealization': 1}",-0.6,-0.6,-0.6,-0.4,-0.8,-0.6,0.1264911064067352,33,0.7,0.7,0.7,0.8,0.6,0.7,0.0632455532033676,12,0.5952380952380952,0.5,0.5,0.7619047619047619,0.5833333333333333,0.5880952380952381,0.09571310115353228,16,-0.42433234421364996,-0.42433234421364996,-0.42433234421364996,0.05044510385756662,-0.6000000000000001,-0.36451038575667666,0.21834807849777343,33,0.0,0.0,0.0,0.3333333333333336,0.0,0.06666666666666672,0.13333333333333341,12
1,0.006287145614624024,0.006439721273333837,1.0478242874145507,0.042872459125699064,data/A.gslib,4,"{'TI': <geone.img.Img object at 0x7fcec3bde908>, 'nrealization': 4}",-0.3625,-0.6,-0.4375,-0.35,-0.475,-0.445,0.09034655499796326,16,0.7,0.55,0.7,0.8,0.65,0.6799999999999999,0.0812403840463596,16,0.6369047619047619,0.47619047619047616,0.5654761904761905,0.6309523809523809,0.625,0.5869047619047618,0.06100537131104265,17,0.1394658753709198,-0.42433234421364996,-0.038575667655786454,0.16913946587537088,0.050000000000000044,-0.020860534124629137,0.21444304622472599,16,0.0,-0.4999999999999996,0.0,0.3333333333333336,0.1250000000000001,-0.008333333333333182,0.27436796055257207,17
2,0.0034534454345703123,0.0003385310567960301,1.8005844116210938,0.08270466553391956,data/A.gslib,7,"{'TI': <geone.img.Img object at 0x7fcec3bde908>, 'nrealization': 7}",-0.3224489795918367,-0.6285714285714284,-0.4244897959183673,-0.33061224489795915,-0.3346938775510203,-0.40816326530612235,0.1162799763629022,15,0.7,0.6,0.7,0.8,0.6,0.6799999999999999,0.07483314773547885,16,0.6428571428571428,0.4557823129251701,0.564625850340136,0.6496598639455782,0.6547619047619049,0.5935374149659864,0.07634520246470705,15,0.2345424816810997,-0.4921576939381092,-0.007690910191969891,0.21516381033125417,0.3306122448979594,0.056093986556046825,0.29568759413582774,15,0.0,-0.3333333333333332,0.0,0.3333333333333336,0.0,7.771561172376095e-17,0.210818510677892,16
3,0.003808116912841797,0.0006172741016009363,2.579905891418457,0.088319044465845,data/A.gslib,10,"{'TI': <geone.img.Img object at 0x7fcec3bde908>, 'nrealization': 10}",-0.36,-0.576,-0.404,-0.28200000000000003,-0.33199999999999996,-0.3907999999999999,0.10071424924011495,14,0.7,0.6,0.7,0.85,0.6,0.69,0.09165151389911681,15,0.6047619047619048,0.4809523809523809,0.5714285714285715,0.6833333333333333,0.6666666666666667,0.6014285714285716,0.07264987636016593,13,0.14540059347181003,-0.3673590504451039,0.04094955489614228,0.3305637982195844,0.3360000000000001,0.09711097922848658,0.25798704767172154,14,0.0,-0.3333333333333332,0.0,0.5,0.0,0.03333333333333336,0.26666666666666666,15
4,0.005436325073242187,0.0037027540379878164,3.349722480773926,0.14655498524177218,data/A.gslib,13,"{'TI': <geone.img.Img object at 0x7fcec3bde908>, 'nrealization': 13}",-0.35029585798816576,-0.5680473372781065,-0.37988165680473374,-0.2733727810650888,-0.349112426035503,-0.38414201183431956,0.09847007245674655,13,0.7,0.6,0.7,0.8,0.7,0.7,0.0632455532033676,12,0.6153846153846154,0.48351648351648346,0.576923076923077,0.6868131868131868,0.6602564102564102,0.6045787545787547,0.07127437098394374,11,0.16843713237230673,-0.3484803258827456,0.09820378206591389,0.35104384316892867,0.30177514792899396,0.11419591593067953,0.2484150042003677,13,0.0,-0.3333333333333332,0.0,0.3333333333333336,0.24999999999999994,0.050000000000000065,0.23333333333333334,13
5,0.004589462280273437,0.0019031574848378014,4.156173658370972,0.17785896327933076,data/A.gslib,16,"{'TI': <geone.img.Img object at 0x7fcec3bde908>, 'nrealization': 16}",-0.340625,-0.53125,-0.4078125,-0.26484375,-0.3609375,-0.38109375000000006,0.08811225528409769,12,0.7,0.6,0.7,0.8,0.7,0.7,0.0632455532033676,12,0.6220238095238095,0.494047619047619,0.5595238095238095,0.6711309523809523,0.6458333333333333,0.5985119047619047,0.06402891831783807,14,0.1913946587537091,-0.2611275964391693,0.03189910979228472,0.3712908011869436,0.27812499999999996,0.12231639465875362,0.22191933799763788,12,0.0,-0.3333333333333332,0.0,0.3333333333333336,0.24999999999999994,0.050000000000000065,0.23333333333333334,13
6,0.0034398555755615233,0.0004510907592444118,4.90297679901123,0.21618996058321022,data/A.gslib,19,"{'TI': <geone.img.Img object at 0x7fcec3bde908>, 'nrealization': 19}",-0.29750692520775623,-0.4997229916897507,-0.417174515235457,-0.28033240997229913,-0.3634349030470914,-0.37163434903047093,0.08047205361997825,11,0.8,0.6,0.7,0.8,0.7,0.72,0.07483314773547886,10,0.6428571428571428,0.5062656641604011,0.5551378446115288,0.6666666666666667,0.6469298245614035,0.6035714285714284,0.061997662476696774,12,0.2937521063317359,-0.18628603368486826,0.009674741280814119,0.33452246890848863,0.27313019390581716,0.1449586953483975,0.20125936260523855,11,0.3333333333333336,-0.3333333333333332,0.0,0.3333333333333336,0.24999999999999994,0.11666666666666678,0.2560381915956203,10
7,0.008717489242553712,0.009838304735552245,5.641651248931884,0.20929772061002616,data/A.gslib,22,"{'TI': <geone.img.Img object at 0x7fcec3bde908>, 'nrealization': 22}",-0.2822314049586777,-0.5070247933884297,-0.424793388429752,-0.28471074380165284,-0.33636363636363636,-0.3670247933884297,0.08699751560121756,10,0.8,0.6,0.7,0.8,0.75,0.7299999999999999,0.07483314773547885,9,0.6504329004329005,0.5032467532467533,0.5432900432900433,0.6677489177489178,0.6609848484848484,0.6051406926406926,0.0682607081565286,10,0.33001446894082437,-0.20361968756897258,-0.008411604581013764,0.3241287980969665,0.32727272727272727,0.15387694043210637,0.22100571655782597,10,0.3333333333333336,-0.3333333333333332,0.0,0.3333333333333336,0.37500000000000006,0.1416666666666668,0.27335365778094545,9
8,0.0036399364471435547,0.00035674086880828896,6.432184171676636,0.2110040966993603,data/A.gslib,25,"{'TI': <geone.img.Img object at 0x7fcec3bde908>, 'nrealization': 25}",-0.26304000000000005,-0.4880000000000001,-0.3952,-0.28832,-0.29728000000000004,-0.34636800000000006,0.08386530305197736,9,0.8,0.6,0.7,0.8,0.7,0.72,0.07483314773547886,10,0.6628571428571428,0.5152380952380952,0.5533333333333333,0.6657142857142857,0.6799999999999999,0.6154285714285713,0.06758926238702917,9,0.37557270029673573,-0.1584569732937689,0.061839762611275884,0.315560830860534,0.4054399999999999,0.19999126409495532,0.21631704733345566,9,0.3333333333333336,-0.3333333333333332,0.0,0.3333333333333336,0.24999999999999994,0.11666666666666678,0.2560381915956203,10
9,0.003544139862060547,0.0004477235422601515,7.168534994125366,0.20206487857752842,data/A.gslib,28,"{'TI': <geone.img.Img object at 0x7fcec3bde908>, 'nrealization': 28}",-0.23724489795918363,-0.5071428571428571,-0.42015306122448975,-0.2698979591836735,-0.2714285714285714,-0.34117346938775506,0.10443113587802574,8,0.9,0.6,0.7,0.8,0.75,0.75,0.10000000000000002,7,0.6802721088435375,0.5034013605442177,0.5399659863945578,0.6700680272108843,0.6949404761904763,0.6177295918367347,0.07966243997705434,8,0.436807363895113,-0.2038999576091565,0.002604008962635498,0.35929267849573054,0.4571428571428572,0.21038939017743594,0.26424798575954944,8,0.6666666666666667,-0.3333333333333332,0.0,0.3333333333333336,0.37500000000000006,0.20833333333333343,0.3435921354681384,7
10,0.003542661666870117,0.000374023571406168,7.923386526107788,0.18832695811136446,data/A.gslib,31,"{'TI': <geone.img.Img object at 0x7fcec3bde908>, 'nrealization': 31}",-0.23121748178980228,-0.5082206035379813,-0.4195629552549428,-0.26347554630593134,-0.2757544224765869,-0.33964620187304895,0.10624964183530604,7,0.9,0.6,0.7,0.8,0.8,0.76,0.10198039027185572,1,0.6874039938556067,0.49923195084485406,0.5422427035330262,0.6758832565284177,0.6868279569892473,0.6183179723502304,0.08093106368852931,7,0.4511157702319233,-0.20645840602488147,0.004004853994200959,0.3745387624785012,0.44849115504682624,0.214338427145314,0.26753143532090545,7,0.6666666666666667,-0.3333333333333332,0.0,0.3333333333333336,0.5000000000000001,0.23333333333333348,0.3590109871423003,1
11,0.007765769958496094,0.008673806298175822,8.660314226150513,0.21417846760455733,data/A.gslib,34,"{'TI': <geone.img.Img object at 0x7fcec3bde908>, 'nrealization': 34}",-0.2237024221453287,-0.5178200692041522,-0.4060553633217993,-0.2434256055363322,-0.2624567474048443,-0.3306920415224913,0.1135031223219633,6,0.9,0.6,0.7,0.8,0.75,0.75,0.10000000000000002,7,0.6981792717086834,0.4936974789915966,0.5511204481792716,0.6897759103641458,0.6948529411764706,0.6255252100840336,0.08617159477989562,6,0.46895567443245406,-0.22924645508404107,0.036070354132227055,0.42213506104134785,0.47508650519031137,0.23460022794245985,0.28372285583621104,6,0.6666666666666667,-0.3333333333333332,0.0,0.3333333333333336,0.37500000000000006,0.20833333333333343,0.3435921354681384,7
12,0.006920480728149414,0.006995877555665672,9.441559791564941,0.27955124239926205,data/A.gslib,37,"{'TI': <geone.img.Img object at 0x7fcec3bde908>, 'nrealization': 37}",-0.2210372534696859,-0.5100073046018992,-0.39342585829072313,-0.25609934258582906,-0.2579985390796201,-0.3277136596055515,0.10855204292900666,5,0.9,0.6,0.7,0.8,0.8,0.76,0.10198039027185572,1,0.7033462033462032,0.49742599742599747,0.5566280566280567,0.6840411840411841,0.6981981981981982,0.627927927927928,0.08472183918525898,5,0.47528248434495923,-0.210699832882847,0.06605137497751176,0.39204903837191907,0.48400292184075977,0.24133719733046055,0.27254126527941663,5,0.6666666666666667,-0.3333333333333332,0.0,0.3333333333333336,0.5000000000000001,0.23333333333333348,0.3590109871423003,1
13,0.0036616802215576174,0.00031826768940822144,10.235904836654663,0.3309180744231801,data/A.gslib,40,"{'TI': <geone.img.Img object at 0x7fcec3bde908>, 'nrealization': 40}",-0.22825000000000006,-0.49350000000000005,-0.39087500000000003,-0.241875,-0.24562499999999998,-0.32002500000000006,0.10505116015542143,4,0.9,0.6,0.7,0.8,0.8,0.76,0.10198039027185572,1,0.6976190476190476,0.5047619047619047,0.5589285714285714,0.6934523809523809,0.7072916666666667,0.6324107142857143,0.0839990627647206,4,0.45816023738872386,-0.17151335311572724,0.07210682492581587,0.42581602373887234,0.50875,0.258663946587537,0.26462716786964907,4,0.6666666666666667,-0.3333333333333332,0.0,0.3333333333333336,0.5000000000000001,0.23333333333333348,0.3590109871423003,1
14,0.0033475875854492186,0.0003859239760837473,10.988205528259277,0.3569017434226723,data/A.gslib,43,"{'TI': <geone.img.Img object at 0x7fcec3bde908>, 'nrealization': 43}",-0.22347214710654403,-0.49637641968631696,-0.399242833964305,-0.2321254732287723,-0.23115197404002163,-0.31647376960519197,0.11158801656857673,2,0.9,0.6,0.7,0.8,0.8,0.76,0.10198039027185572,1,0.7054263565891473,0.5033222591362125,0.5553709856035438,0.6998892580287929,0.7180232558139535,0.63640642303433,0.08914400233317156,2,0.4695023214087975,-0.178341649106984,0.052242530648534055,0.4489603009405998,0.5376960519199567,0.2660119111621808,0.27994219663823966,2,0.6666666666666667,-0.3333333333333332,0.0,0.3333333333333336,0.5000000000000001,0.23333333333333348,0.3590109871423003,1
15,0.0036320209503173826,0.0003344152649966211,11.704418420791626,0.3719699620998224,data/A.gslib,46,"{'TI': <geone.img.Img object at 0x7fcec3bde908>, 'nrealization': 46}",-0.22334593572778827,-0.5085066162570888,-0.41105860113421555,-0.23052930056710771,-0.21758034026465026,-0.31820415879017017,0.11970554613936273,3,0.9,0.6,0.7,0.8,0.8,0.76,0.10198039027185572,1,0.7013457556935818,0.4968944099378882,0.5502070393374741,0.6961697722567288,0.7246376811594202,0.6338509316770186,0.09212471179265283,3,0.46980193299041356,-0.20713736796935042,0.024193231728865065,0.4527494348555306,0.5648393194706995,0.2608893102152317,0.2993039941502666,3,0.6666666666666667,-0.3333333333333332,0.0,0.3333333333333336,0.5000000000000001,0.23333333333333348,0.3590109871423003,1
16,0.0034951210021972657,0.00032345722737862643,12.530534887313843,0.408858823552505,data/A.gslib,49,"{'TI': <geone.img.Img object at 0x7fcec3bde908>, 'nrealization': 49}",-0.2213244481466056,-0.5014577259475218,-0.39583506872136615,-0.22940441482715532,-0.20924614743856726,-0.31145356101624316,0.11706707163082754,1,0.9,0.6,0.7,0.8,0.8,0.76,0.10198039027185572,1,0.7001943634596695,0.5014577259475219,0.5578231292517007,0.6948493683187561,0.7287414965986395,0.6366132167152575,0.08988494434150057,1,0.4746007165659214,-0.19040409720479964,0.060332181076875525,0.4554197867604621,0.5815077051228654,0.27629125846426494,0.292921022885734,1,0.6666666666666667,-0.3333333333333332,0.0,0.3333333333333336,0.5000000000000001,0.23333333333333348,0.3590109871423003,1
17,0.003736591339111328,0.00015594467724832376,0.5154616355895996,0.04463724858087851,data/B.gslib,1,"{'TI': <geone.img.Img object at 0x7fcec3bdec18>, 'nrealization': 1}",-0.8,-1.2,-0.2,-0.6,-0.8,-0.7200000000000001,0.3249615361854384,49,0.6,0.4,0.9,0.7,0.6,0.6399999999999999,0.16248076809271922,34,0.42857142857142855,0.2857142857142857,0.9285714285714286,0.5952380952380952,0.5416666666666667,0.555952380952381,0.21440472885433765,18,-0.8991097922848668,-1.8486646884273,0.5252225519287833,-0.42433234421364996,-0.6000000000000001,-0.6493768545994066,0.7659536173651617,48,-0.3333333333333332,-0.9999999999999997,0.6666666666666667,0.0,0.0,-0.13333333333333322,0.5416025603090638,35
18,0.0074291229248046875,0.008235105728619005,1.9283013820648194,0.08345237109467518,data/B.gslib,4,"{'TI': <geone.img.Img object at 0x7fcec3bdec18>, 'nrealization': 4}",-0.4375,-0.6,-0.3375,-0.375,-0.6875,-0.4875,0.1343968005571561,17,0.7,0.55,0.7,0.8,0.55,0.6599999999999999,0.09695359714832656,18,0.5773809523809523,0.4642857142857143,0.6011904761904762,0.5952380952380952,0.5208333333333333,0.5517857142857142,0.05215046693764168,19,-0.038575667655786454,-0.42433234421364996,0.19881305637982183,0.10979228486646875,-0.375,-0.10586053412462917,0.2520792471658341,17,0.0,-0.4999999999999996,0.0,0.3333333333333336,-0.12499999999999983,-0.05833333333333317,0.2682246156571846,24
19,0.0031128883361816405,0.0004329170289309958,3.306280755996704,0.12712303121620377,data/B.gslib,7,"{'TI': <geone.img.Img object at 0x7fcec3bdec18>, 'nrealization': 7}",-0.44489795918367336,-0.6693877551020407,-0.4612244897959183,-0.3346938775510204,-0.8326530612244898,-0.5485714285714286,0.178561049261038,21,0.7,0.4,0.7,0.8,0.5,0.62,0.14696938456699069,39,0.5408163265306122,0.40816326530612246,0.5340136054421768,0.6122448979591837,0.45238095238095233,0.5095238095238095,0.07165174077529024,20,-0.05613758856658376,-0.5890510506873372,-0.09489493126627499,0.20547447465633126,-0.6653061224489796,-0.23998304366256887,0.3334757284186055,21,0.0,-0.9999999999999997,0.0,0.3333333333333336,-0.24999999999999994,-0.1833333333333332,0.4484541349024569,38
20,0.0034472465515136717,0.0003954939649856162,4.723476123809815,0.20022433970455178,data/B.gslib,10,"{'TI': <geone.img.Img object at 0x7fcec3bdec18>, 'nrealization': 10}",-0.406,-0.6140000000000001,-0.4580000000000001,-0.38000000000000006,-0.8559999999999999,-0.5428000000000001,0.17639319714773577,18,0.65,0.65,0.65,0.75,0.5,0.64,0.08,30,0.5357142857142858,0.4166666666666667,0.5261904761904762,0.5523809523809523,0.4375,0.4936904761904762,0.055419959239304456,25,0.0362017804154301,-0.4575667655786354,-0.08724035608308633,0.0979228486646882,-0.7119999999999997,-0.22453649851632065,0.3107212519470155,18,-0.1666666666666664,-0.1666666666666664,-0.1666666666666664,0.1666666666666668,-0.24999999999999994,-0.11666666666666647,0.14529663145135577,29
21,0.0036153793334960938,0.000356294275347829,6.1538269996643065,0.2165389969459102,data/B.gslib,13,"{'TI': <geone.img.Img object at 0x7fcec3bdec18>, 'nrealization': 13}",-0.39881656804733734,-0.5775147928994083,-0.49112426035502965,-0.4556213017751479,-0.8615384615384617,-0.556923076923077,0.16297469335450834,30,0.7,0.7,0.6,0.7,0.5,0.64,0.07999999999999999,30,0.5402930402930403,0.4358974358974359,0.49633699633699646,0.49633699633699635,0.4294871794871795,0.47967032967032974,0.04162951690893881,36,0.053254437869822244,-0.3709549979807914,-0.16587361508612392,-0.08159359471845215,-0.7230769230769234,-0.2576489385984937,0.2703851236448919,30,0.0,0.0,-0.3333333333333332,0.0,-0.24999999999999994,-0.11666666666666663,0.14529663145135574,30
22,0.005826044082641602,0.004882354017242378,7.631722688674927,0.2685246905152998,data/B.gslib,16,"{'TI': <geone.img.Img object at 0x7fcec3bdec18>, 'nrealization': 16}",-0.41015625,-0.565625,-0.49375,-0.44296875,-0.82734375,-0.5479687500000001,0.14921065095821748,20,0.7,0.6,0.6,0.7,0.5,0.6199999999999999,0.0748331477354788,40,0.53125,0.44642857142857145,0.48214285714285715,0.5014880952380952,0.4322916666666667,0.47872023809523806,0.03602174206448855,37,0.0263353115727002,-0.3427299703264097,-0.1721068249258162,-0.051557863501483836,-0.6546875000000001,-0.23894936943620193,0.2423089228884952,20,0.0,-0.3333333333333332,-0.3333333333333332,0.0,-0.24999999999999994,-0.18333333333333326,0.1527525231651946,39
23,0.008305644989013672,0.009913789355990143,9.037601375579834,0.281831398475641,data/B.gslib,19,"{'TI': <geone.img.Img object at 0x7fcec3bdec18>, 'nrealization': 19}",-0.43988919667590026,-0.5662049861495845,-0.4825484764542936,-0.4642659279778393,-0.8127423822714681,-0.5531301939058171,0.13658081753392096,27,0.7,0.6,0.7,0.7,0.5,0.6399999999999999,0.07999999999999999,34,0.5112781954887218,0.44611528822055135,0.48245614035087714,0.49122807017543857,0.4298245614035087,0.47218045112781953,0.029901335442494716,38,-0.044247351159407255,-0.34410679204649147,-0.1455156711081155,-0.10211496255866902,-0.6254847645429362,-0.25229390828312387,0.21210360601603195,27,0.0,-0.3333333333333332,0.0,0.0,-0.24999999999999994,-0.11666666666666663,0.14529663145135574,30
24,0.003644084930419922,0.0004042577113308075,10.441651535034179,0.19034615607942854,data/B.gslib,22,"{'TI': <geone.img.Img object at 0x7fcec3bdec18>, 'nrealization': 22}",-0.4450413223140496,-0.5644628099173554,-0.5223140495867769,-0.48140495867768596,-0.7528925619834711,-0.5532231404958677,0.10752742624234839,28,0.7,0.65,0.7,0.7,0.5,0.65,0.07745966692414831,27,0.5075757575757576,0.44805194805194803,0.4588744588744589,0.4816017316017316,0.4431818181818181,0.46785714285714286,0.023867501233102745,43,-0.056477916472521365,-0.33997106211835126,-0.23991465777276416,-0.14280108884910625,-0.5057851239669422,-0.2569899698359371,0.15641012803686707,28,0.0,-0.1666666666666664,0.0,0.0,-0.24999999999999994,-0.08333333333333327,0.10540925533894592,25
25,0.0035349369049072266,0.0006964711772020995,11.870432949066162,0.18453764677943793,data/B.gslib,25,"{'TI': <geone.img.Img object at 0x7fcec3bdec18>, 'nrealization': 25}",-0.42624000000000006,-0.54016,-0.52032,-0.49792000000000003,-0.7584,-0.548608,0.1117385015829369,22,0.7,0.6,0.7,0.7,0.5,0.6399999999999999,0.07999999999999999,34,0.518095238095238,0.46095238095238106,0.45714285714285713,0.4723809523809524,0.43666666666666665,0.46904761904761905,0.027101890555002395,41,-0.011845697329377106,-0.2822789317507419,-0.2351810089020773,-0.1820059347181011,-0.5167999999999999,-0.24562231454005948,0.16351673680470039,25,0.0,-0.3333333333333332,0.0,0.0,-0.24999999999999994,-0.11666666666666663,0.14529663145135574,30
26,0.0034859180450439453,0.00038939776016185483,13.326053094863891,0.2816223967673667,data/B.gslib,28,"{'TI': <geone.img.Img object at 0x7fcec3bdec18>, 'nrealization': 28}",-0.4155612244897958,-0.5313775510204082,-0.48903061224489797,-0.4989795918367347,-0.7880102040816326,-0.5445918367346938,0.12747042351582433,19,0.7,0.65,0.7,0.7,0.5,0.65,0.07745966692414831,27,0.5263605442176871,0.4634353741496598,0.47363945578231287,0.4710884353741497,0.4181547619047619,0.4705357142857142,0.03441083942944798,40,0.013504511596923766,-0.26143038817901065,-0.16090353055168669,-0.18452128625931094,-0.5760204081632652,-0.23387422031126995,0.19327701721272514,19,0.0,-0.1666666666666664,0.0,0.0,-0.24999999999999994,-0.08333333333333327,0.10540925533894592,25
27,0.0033310890197753907,0.0004209719414573436,14.849265766143798,0.2661651636063588,data/B.gslib,31,"{'TI': <geone.img.Img object at 0x7fcec3bdec18>, 'nrealization': 31}",-0.4378772112382934,-0.5359001040582727,-0.4826222684703434,-0.48844953173777306,-0.8045785639958376,-0.549885535900104,0.13107915578816004,23,0.7,0.6,0.7,0.7,0.5,0.6399999999999999,0.07999999999999999,34,0.5130568356374808,0.4615975422427035,0.4754224270353303,0.47695852534562205,0.4139784946236559,0.46820276497695856,0.03201429361209413,42,-0.039471124601290014,-0.2721664191294309,-0.14569084503345625,-0.15952411095020322,-0.6091571279916752,-0.2452019255412111,0.19634601030707036,23,0.0,-0.3333333333333332,0.0,0.0,-0.24999999999999994,-0.11666666666666663,0.14529663145135574,30
28,0.0034857749938964843,0.00044769152663522437,16.222140741348266,0.26078965861746695,data/B.gslib,34,"{'TI': <geone.img.Img object at 0x7fcec3bdec18>, 'nrealization': 34}",-0.4456747404844291,-0.5264705882352941,-0.4709342560553633,-0.49965397923875426,-0.8079584775086504,-0.5501384083044982,0.13173153532642215,25,0.7,0.7,0.7,0.7,0.5,0.6599999999999999,0.07999999999999999,18,0.5084033613445378,0.4642857142857143,0.48039215686274517,0.4705882352941177,0.4129901960784313,0.4673319327731093,0.031081631225997275,44,-0.05798157978499505,-0.24978181183452627,-0.11794482149641156,-0.18612220590802211,-0.6159169550173007,-0.24554947480825112,0.19605419972667498,24,0.0,0.0,0.0,0.0,-0.24999999999999994,-0.04999999999999999,0.09999999999999998,18
29,0.0035503864288330077,0.00038609639264485066,17.635694360733034,0.2562393935481889,data/B.gslib,37,"{'TI': <geone.img.Img object at 0x7fcec3bdec18>, 'nrealization': 37}",-0.44923301680058436,-0.543900657414171,-0.472899926953981,-0.49744338933528126,-0.833162892622352,-0.5593279766252739,0.14045922788482376,32,0.7,0.7,0.7,0.7,0.5,0.6599999999999999,0.07999999999999999,18,0.5064350064350064,0.45624195624195624,0.4794079794079794,0.47039897039897044,0.4009009009009009,0.4626769626769627,0.034962876981225535,50,-0.06642852652957723,-0.291158830656786,-0.12261110256137929,-0.18087451474250757,-0.666325785244704,-0.2654797519469908,0.21378860819686576,32,0.0,0.0,0.0,0.0,-0.24999999999999994,-0.04999999999999999,0.09999999999999998,18
30,0.003169393539428711,0.00044773096179823673,19.107348442077637,0.24793314386284446,data/B.gslib,40,"{'TI': <geone.img.Img object at 0x7fcec3bdec18>, 'nrealization': 40}",-0.4535000000000001,-0.530875,-0.465625,-0.49050000000000005,-0.8401249999999999,-0.556125,0.14444538327686346,29,0.7,0.7,0.7,0.7,0.5,0.6599999999999999,0.07999999999999999,18,0.5047619047619047,0.46488095238095245,0.4839285714285714,0.47380952380952385,0.3979166666666667,0.46505952380952387,0.03610284660355492,47,-0.07655786350148408,-0.2602373887240357,-0.10534124629080133,-0.16439169139465898,-0.6802499999999998,-0.25735563798219596,0.22058397576315328,29,0.0,0.0,0.0,0.0,-0.24999999999999994,-0.04999999999999999,0.09999999999999998,18
31,0.0034227848052978517,0.0003707440765587404,20.503019618988038,0.21819838339849493,data/B.gslib,43,"{'TI': <geone.img.Img object at 0x7fcec3bdec18>, 'nrealization': 43}",-0.45830178474851274,-0.5347755543537046,-0.4719307733910222,-0.48610059491617086,-0.8339643050297457,-0.5570146024878313,0.1408602057570919,31,0.7,0.7,0.7,0.7,0.5,0.6599999999999999,0.07999999999999999,18,0.5033222591362126,0.46179401993355484,0.48006644518272423,0.4772978959025471,0.39825581395348836,0.4641472868217054,0.035519742791164946,48,-0.08795675904691463,-0.26949686493461045,-0.12031044128432578,-0.15394799980099919,-0.6679286100594914,-0.25992813502526835,0.21300469095482943,31,0.0,0.0,0.0,0.0,-0.24999999999999994,-0.04999999999999999,0.09999999999999998,18
32,0.0036942005157470704,0.00039671572334499687,22.041803741455077,0.24167350355975975,data/B.gslib,46,"{'TI': <geone.img.Img object at 0x7fcec3bdec18>, 'nrealization': 46}",-0.4598298676748581,-0.5292060491493384,-0.47334593572778827,-0.4775992438563327,-0.8150283553875235,-0.5510018903591682,0.13410127997382648,26,0.7,0.7,0.7,0.7,0.5,0.6599999999999999,0.07999999999999999,18,0.5015527950310559,0.4653209109730848,0.4782608695652174,0.48188405797101447,0.40217391304347827,0.4658385093167702,0.033884313764708865,46,-0.0915842556079719,-0.25627548759486884,-0.12366987709860729,-0.13376675099426166,-0.630056710775047,-0.24707061641415135,0.19950167663793067,26,0.0,0.0,0.0,0.0,-0.24999999999999994,-0.04999999999999999,0.09999999999999998,18
33,0.0035109519958496094,0.0004338900323903618,23.242612838745117,0.3374225515606837,data/B.gslib,49,"{'TI': <geone.img.Img object at 0x7fcec3bdec18>, 'nrealization': 49}",-0.46530612244897956,-0.5236151603498542,-0.4599750104123282,-0.48837984173261145,-0.8129945855893379,-0.5500541441066222,0.13336933133560785,24,0.7,0.7,0.7,0.7,0.5,0.6599999999999999,0.07999999999999999,18,0.49757045675413025,0.4684159378036929,0.48590864917395526,0.47570456754130225,0.4039115646258503,0.4663022351797862,0.03270345704943595,45,-0.10458426694119789,-0.2430033480115235,-0.09192880810048246,-0.15935867473616974,-0.6259891711786758,-0.24497285379360986,0.19780724757344947,22,0.0,0.0,0.0,0.0,-0.24999999999999994,-0.04999999999999999,0.09999999999999998,18
34,0.003446149826049805,0.00019349546599806112,0.13435678482055663,0.023021626988608004,data/C.gslib,1,"{'TI': <geone.img.Img object at 0x7fcec3bded30>, 'nrealization': 1}",-0.8,-1.0,-0.8,-1.2,-0.6,-0.8799999999999999,0.20396078054371136,51,0.6,0.5,0.6,0.4,0.7,0.5599999999999999,0.10198039027185568,50,0.5238095238095238,0.45238095238095233,0.42857142857142855,0.47619047619047616,0.625,0.5011904761904762,0.06945691498007059,21,-0.8991097922848668,-1.3738872403560836,-0.8991097922848668,-1.8486646884273,-0.19999999999999996,-1.0441543026706235,0.5496604547697522,51,-0.3333333333333332,-0.6666666666666664,-0.3333333333333332,-0.9999999999999997,0.24999999999999994,-0.4166666666666665,0.414996653266291,50
35,0.0035460472106933595,0.0001089010260319789,0.5167957305908203,0.06916146172414502,data/C.gslib,4,"{'TI': <geone.img.Img object at 0x7fcec3bded30>, 'nrealization': 4}",-0.65,-0.75,-0.8125,-0.8875,-0.575,-0.735,0.11163556780883054,50,0.6,0.6,0.55,0.35,0.65,0.55,0.10488088481701516,51,0.44047619047619047,0.5357142857142857,0.3392857142857143,0.39880952380952384,0.59375,0.4616071428571429,0.09198499150476407,51,-0.5430267062314542,-0.7804154302670625,-0.9287833827893177,-1.1068249258160239,-0.1499999999999999,-0.7018100890207716,0.3320961399281853,50,-0.3333333333333332,-0.3333333333333332,-0.4999999999999996,-1.1666666666666665,0.1250000000000001,-0.44166666666666654,0.4179978734661484,51
36,0.0033883571624755858,0.000322576562982032,0.9103650093078614,0.06907662900741768,data/C.gslib,7,"{'TI': <geone.img.Img object at 0x7fcec3bded30>, 'nrealization': 7}",-0.6693877551020407,-0.6979591836734694,-0.746938775510204,-0.9142857142857143,-0.5428571428571429,-0.7142857142857142,0.12061207223993993,48,0.5,0.7,0.6,0.4,0.7,0.5799999999999998,0.11661903789690597,48,0.4013605442176871,0.5476190476190477,0.37755102040816324,0.4013605442176871,0.5892857142857142,0.46343537414965985,0.08718702911663213,49,-0.5890510506873372,-0.6568764004117971,-0.7731484285108703,-1.1704111911827046,-0.08571428571428585,-0.655040271301399,0.348725321228849,49,-0.6666666666666664,0.0,-0.3333333333333332,-0.9999999999999997,0.24999999999999994,-0.3499999999999998,0.44845413490245684,47
37,0.0036701679229736326,0.00033454479755403723,1.256471586227417,0.13181932093195645,data/C.gslib,10,"{'TI': <geone.img.Img object at 0x7fcec3bded30>, 'nrealization': 10}",-0.6280000000000001,-0.732,-0.7300000000000001,-0.86,-0.49400000000000005,-0.6888000000000001,0.1220793184777831,47,0.6,0.6,0.6,0.4,0.7,0.5799999999999998,0.09797958971132709,48,0.42380952380952386,0.519047619047619,0.39285714285714285,0.42857142857142855,0.5958333333333333,0.4720238095238095,0.07486003568868142,39,-0.49080118694362057,-0.7376854599406529,-0.7329376854599411,-1.0415430267062316,0.0119999999999999,-0.5981934718100892,0.35157986904253563,47,-0.3333333333333332,-0.3333333333333332,-0.3333333333333332,-0.9999999999999997,0.24999999999999994,-0.3499999999999998,0.3958114029012638,47
38,0.003481769561767578,0.00032236616901168446,1.6292981147766112,0.19321780504947386,data/C.gslib,13,"{'TI': <geone.img.Img object at 0x7fcec3bded30>, 'nrealization': 13}",-0.5881656804733728,-0.676923076923077,-0.7467455621301775,-0.775147928994083,-0.4710059171597633,-0.6515976331360946,0.11099203809224228,46,0.6,0.6,0.6,0.5,0.7,0.6,0.06324555320336757,44,0.4340659340659341,0.5274725274725274,0.39010989010989017,0.45238095238095244,0.608974358974359,0.48260073260073266,0.07721034794358653,35,-0.39623900409109286,-0.6069390550102719,-0.7726897617333592,-0.840113778027497,0.05798816568047338,-0.5115986866363496,0.32339373503450874,46,-0.3333333333333332,-0.3333333333333332,-0.3333333333333332,-0.6666666666666664,0.24999999999999994,-0.2833333333333332,0.2962731472438529,44
39,0.0034179210662841795,0.00030930322255330427,2.0129273891448975,0.24094615810603282,data/C.gslib,16,"{'TI': <geone.img.Img object at 0x7fcec3bded30>, 'nrealization': 16}",-0.628125,-0.6703125,-0.76015625,-0.6765625,-0.43359375,-0.63375,0.10885075253816576,44,0.6,0.6,0.6,0.5,0.7,0.6,0.06324555320336757,44,0.4226190476190476,0.5386904761904762,0.38839285714285715,0.47619047619047616,0.6119791666666667,0.4875744047619047,0.08034322520568396,33,-0.49109792284866494,-0.5912462908011871,-0.8045252225519289,-0.6060830860534125,0.1328125,-0.4720280044510387,0.319040393167008,44,-0.3333333333333332,-0.3333333333333332,-0.3333333333333332,-0.6666666666666664,0.24999999999999994,-0.2833333333333332,0.2962731472438529,44
40,0.003188943862915039,0.0003947082072298687,2.3552958965301514,0.3344848734706482,data/C.gslib,19,"{'TI': <geone.img.Img object at 0x7fcec3bded30>, 'nrealization': 19}",-0.638781163434903,-0.6941828254847645,-0.7445983379501385,-0.6365650969529085,-0.4609418282548477,-0.6350138504155124,0.09573650863832585,45,0.7,0.6,0.6,0.6,0.7,0.64,0.04898979485566354,30,0.4273182957393483,0.5300751879699248,0.39849624060150374,0.4899749373433584,0.5877192982456141,0.4867167919799499,0.06841508507213877,34,-0.5163944532579301,-0.6479117518926162,-0.7675924936501807,-0.5111337613125426,0.07811634349030461,-0.472983223324593,0.2913572869332126,45,0.0,-0.3333333333333332,-0.3333333333333332,-0.3333333333333332,0.24999999999999994,-0.1499999999999999,0.2380476142847616,37
41,0.003073263168334961,0.0004105146842832353,2.717575263977051,0.37845271724600216,data/C.gslib,22,"{'TI': <geone.img.Img object at 0x7fcec3bded30>, 'nrealization': 22}",-0.6157024793388429,-0.6950413223140497,-0.7392561983471074,-0.6268595041322313,-0.42933884297520664,-0.6212396694214876,0.10607804228611965,41,0.65,0.6,0.6,0.65,0.7,0.64,0.03741657386773941,30,0.4372294372294373,0.525974025974026,0.39935064935064934,0.48809523809523814,0.6003787878787878,0.49020562770562764,0.06997579743138108,29,-0.4616082595580842,-0.6499497265615425,-0.7549108566103442,-0.4880937783554455,0.14132231404958673,-0.4426480614071659,0.31110391683739547,41,-0.1666666666666664,-0.3333333333333332,-0.3333333333333332,-0.1666666666666664,0.24999999999999994,-0.14999999999999986,0.21343747458109488,36
42,0.0030365943908691405,0.0004546648829654997,3.0919635772705076,0.4470907343791419,data/C.gslib,25,"{'TI': <geone.img.Img object at 0x7fcec3bded30>, 'nrealization': 25}",-0.61888,-0.7087999999999999,-0.7308799999999999,-0.6368,-0.4179199999999999,-0.622656,0.11069269489898599,42,0.5,0.6,0.6,0.7,0.7,0.6200000000000001,0.0748331477354788,38,0.43619047619047624,0.5133333333333333,0.4057142857142857,0.4838095238095238,0.6083333333333333,0.48947619047619045,0.07011949632001312,32,-0.4691513353115728,-0.6826112759643915,-0.7350267062314538,-0.5116913946587539,0.1641600000000002,-0.44686414243323436,0.321454248183687,42,-0.6666666666666664,-0.3333333333333332,-0.3333333333333332,0.0,0.24999999999999994,-0.21666666666666656,0.31446603773522,40
43,0.0032781124114990234,0.00042749166881572785,3.4337188720703127,0.49692491797506116,data/C.gslib,28,"{'TI': <geone.img.Img object at 0x7fcec3bded30>, 'nrealization': 28}",-0.6341836734693878,-0.7147959183673469,-0.7357142857142858,-0.6556122448979591,-0.40510204081632645,-0.6290816326530612,0.11799510433938908,43,0.55,0.55,0.6,0.65,0.7,0.61,0.05830951894845298,42,0.42857142857142855,0.5136054421768708,0.40816326530612246,0.48129251700680276,0.6160714285714285,0.48954081632653057,0.07348021304727485,31,-0.5054805304911284,-0.6968449100708534,-0.7465027554048328,-0.5563495427844728,0.1897959183673471,-0.46307636407678804,0.3381474438101707,43,-0.4999999999999996,-0.4999999999999996,-0.3333333333333332,-0.1666666666666664,0.24999999999999994,-0.24999999999999972,0.2788866755113584,42
44,0.0033912181854248045,0.00040675236486640177,3.7890384197235107,0.5331235013267864,data/C.gslib,31,"{'TI': <geone.img.Img object at 0x7fcec3bded30>, 'nrealization': 31}",-0.6189386056191467,-0.7200832466181063,-0.7148803329864725,-0.6189386056191467,-0.3989594172736732,-0.614360041623309,0.11637962065314365,39,0.7,0.5,0.6,0.7,0.8,0.6599999999999999,0.10198039027185571,18,0.4377880184331797,0.5161290322580645,0.41090629800307216,0.49155145929339483,0.6263440860215054,0.4965437788018433,0.07489010970134471,23,-0.4692904584430784,-0.7093964311409053,-0.697045300858095,-0.4692904584430784,0.20208116545265364,-0.4285882966865008,0.3322588370179965,39,0.0,-0.6666666666666664,-0.3333333333333332,0.0,0.5000000000000001,-0.0999999999999999,0.38873012632301995,27
45,0.0030823707580566405,0.0004280397640847431,4.202243995666504,0.5689670940059981,data/C.gslib,34,"{'TI': <geone.img.Img object at 0x7fcec3bded30>, 'nrealization': 34}",-0.6226643598615917,-0.7198961937716263,-0.7185121107266436,-0.631833910034602,-0.3944636678200692,-0.6174740484429064,0.1188829346095461,40,0.65,0.6,0.6,0.65,0.75,0.65,0.05477225575051661,27,0.4362745098039217,0.5049019607843137,0.40406162464985995,0.4761904761904763,0.6286764705882353,0.4900210084033613,0.07735084398471437,30,-0.4781349788999212,-0.7089523887753741,-0.7056667316952965,-0.4999024570554351,0.2110726643598616,-0.436316778413233,0.3381669896382493,40,-0.1666666666666664,-0.3333333333333332,-0.3333333333333332,-0.1666666666666664,0.37500000000000006,-0.12499999999999982,0.2608745973749754,34
46,0.0033069133758544924,0.00045477128481339566,4.594380712509155,0.6071309843377232,data/C.gslib,37,"{'TI': <geone.img.Img object at 0x7fcec3bded30>, 'nrealization': 37}",-0.6265887509130753,-0.729145361577794,-0.7143900657414171,-0.5969320672023376,-0.3981008035062089,-0.6130314097881666,0.11865427323417918,38,0.7,0.5,0.6,0.7,0.8,0.6599999999999999,0.10198039027185571,18,0.43307593307593306,0.5038610038610039,0.40797940797940796,0.48906048906048905,0.6306306306306306,0.4929214929214929,0.07732403984084313,28,-0.4874510407432056,-0.7309088702143479,-0.6958814617006934,-0.4170494176910093,0.20379839298758218,-0.4254984794723349,0.3365431693060279,38,0.0,-0.6666666666666664,-0.3333333333333332,0.0,0.5000000000000001,-0.0999999999999999,0.38873012632301995,27
47,0.003455638885498047,0.0003873588643073819,4.982057666778564,0.6821177612418936,data/C.gslib,40,"{'TI': <geone.img.Img object at 0x7fcec3bded30>, 'nrealization': 40}",-0.6333750000000001,-0.734375,-0.7185,-0.57425,-0.397,-0.6115,0.12200294566116017,37,0.55,0.5,0.6,0.65,0.75,0.61,0.08602325267042626,42,0.42678571428571427,0.5041666666666667,0.40952380952380957,0.49523809523809526,0.6322916666666667,0.4936011904761905,0.07859092921787347,26,-0.5035608308605346,-0.7433234421364987,-0.705637982195846,-0.3632047477744809,0.20599999999999996,-0.4219454005934721,0.3429846338598935,37,-0.4999999999999996,-0.6666666666666664,-0.3333333333333332,-0.1666666666666664,0.37500000000000006,-0.25833333333333314,0.35784850922639805,43
48,0.0029674053192138674,0.0003270479482070721,5.3648933410644535,0.7348108591812755,data/C.gslib,43,"{'TI': <geone.img.Img object at 0x7fcec3bded30>, 'nrealization': 43}",-0.6120064899945916,-0.739643050297458,-0.7066522444564629,-0.5638723634396972,-0.4089778258518118,-0.6062303948080043,0.1171491584164272,35,0.5,0.5,0.6,0.6,0.7,0.5800000000000001,0.0748331477354788,47,0.43743078626799553,0.5005537098560354,0.4147286821705426,0.4955703211517165,0.6230620155038759,0.4942691029900332,0.07236860722426423,24,-0.45283439761327404,-0.7558291995191884,-0.6775127464841851,-0.3385694087589251,0.1820443482963764,-0.4085402808158392,0.33124126439945073,35,-0.6666666666666664,-0.6666666666666664,-0.3333333333333332,-0.3333333333333332,0.24999999999999994,-0.34999999999999987,0.33499585403736293,49
49,0.0034175395965576174,0.0003584167489859656,5.722205305099488,0.7774999145501164,data/C.gslib,46,"{'TI': <geone.img.Img object at 0x7fcec3bded30>, 'nrealization': 46}",-0.6073724007561436,-0.7477315689981097,-0.7120982986767486,-0.5679584120982987,-0.4072778827977316,-0.6084877126654064,0.12021087207113072,36,0.6,0.5,0.6,0.6,0.7,0.6,0.06324555320336757,44,0.43788819875776397,0.49948240165631463,0.4140786749482402,0.4922360248447205,0.6231884057971016,0.4933747412008282,0.07246628212143041,27,-0.4418335922994509,-0.7750304308560468,-0.6904410651080086,-0.34826922753305334,0.18544423440453683,-0.4140260162784045,0.33799149828602326,36,-0.3333333333333332,-0.6666666666666664,-0.3333333333333332,-0.3333333333333332,0.24999999999999994,-0.2833333333333332,0.2962731472438529,44
50,0.0032158851623535155,0.0003756913576174934,7.562231159210205,3.9214142938317833,data/C.gslib,49,"{'TI': <geone.img.Img object at 0x7fcec3bded30>, 'nrealization': 49}",-0.6002498958767182,-0.744106622240733,-0.7187005414410662,-0.5566014160766347,-0.4000832986255727,-0.6039483548521449,0.12379723470641649,34,0.7,0.5,0.6,0.6,0.7,0.6199999999999999,0.07483314773547882,40,0.4431486880466472,0.49805636540330417,0.41205053449951407,0.5034013605442177,0.6267006802721088,0.4966715257531584,0.07345773723576235,22,-0.4249255688468089,-0.7664252160017402,-0.7061140449639556,-0.3213089995884505,0.19983340274885464,-0.4037880853304201,0.34482319181723875,34,0.0,-0.6666666666666664,-0.3333333333333332,-0.3333333333333332,0.24999999999999994,-0.21666666666666656,0.31446603773522,40
